x,y,sensor	
0.19098712446351931, 0.3413333333333334, 1
0.24034334763948498, 0.552, 2
0.3605150214592275, 0.6453333333333333, 3
0.5107296137339056, 0.704, 4
0.6952789699570815, 0.6746666666666667, 5
0.6824034334763948, 0.3520000000000001, 6
0.5236051502145923, 0.06399999999999995, 7
0.33690987124463523, 0.1253333333333333, 8
0.8905579399141631, 0.656, 9
	